Country code(s);TZ identifier;Embedded comments;Type;UTC offset;Dst;Time zone;Zone;Source
"CI,-BF,-GH,-GM,-GN,-IS,-ML,-MR,-SH,-SL,-SN,-TG";Africa/Abidjan;;Canonical;+00:00;+00:00;GMT;;africa
GH;Africa/Accra;;Link†;+00:00;+00:00;GMT;;backward
ET;Africa/Addis_Ababa;;Link†;+03:00;+03:00;EAT;;backward
DZ;Africa/Algiers;;Canonical;+01:00;+01:00;CET;;africa
ER;Africa/Asmara;;Link†;+03:00;+03:00;EAT;;backward
ER;Africa/Asmera;;Link;+03:00;+03:00;EAT;;backward
ML;Africa/Bamako;;Link†;+00:00;+00:00;GMT;;backward
CF;Africa/Bangui;;Link†;+01:00;+01:00;WAT;;backward
GM;Africa/Banjul;;Link†;+00:00;+00:00;GMT;;backward
GW;Africa/Bissau;;Canonical;+00:00;+00:00;GMT;;africa
MW;Africa/Blantyre;;Link†;+02:00;+02:00;CAT;;backward
CG;Africa/Brazzaville;;Link†;+01:00;+01:00;WAT;;backward
BI;Africa/Bujumbura;;Link†;+02:00;+02:00;CAT;;backward
EG;Africa/Cairo;;Canonical;+02:00;+03:00;EET;EEST;africa
MA;Africa/Casablanca;;Canonical;+01:00;+00:00;1;0;africa
ES;Africa/Ceuta;"Ceuta, Melilla";Canonical;+01:00;+02:00;CET;CEST;europe
GN;Africa/Conakry;;Link†;+00:00;+00:00;GMT;;backward
SN;Africa/Dakar;;Link†;+00:00;+00:00;GMT;;backward
TZ;Africa/Dar_es_Salaam;;Link†;+03:00;+03:00;EAT;;backward
DJ;Africa/Djibouti;;Link†;+03:00;+03:00;EAT;;backward
CM;Africa/Douala;;Link†;+01:00;+01:00;WAT;;backward
EH;Africa/El_Aaiun;;Canonical;+01:00;+00:00;1;0;africa
SL;Africa/Freetown;;Link†;+00:00;+00:00;GMT;;backward
BW;Africa/Gaborone;;Link†;+02:00;+02:00;CAT;;backward
ZW;Africa/Harare;;Link†;+02:00;+02:00;CAT;;backward
"ZA,-LS,-SZ";Africa/Johannesburg;;Canonical;+02:00;+02:00;SAST;;africa
SS;Africa/Juba;;Canonical;+02:00;+02:00;CAT;;africa
UG;Africa/Kampala;;Link†;+03:00;+03:00;EAT;;backward
SD;Africa/Khartoum;;Canonical;+02:00;+02:00;CAT;;africa
RW;Africa/Kigali;;Link†;+02:00;+02:00;CAT;;backward
CD;Africa/Kinshasa;Dem. Rep. of Congo (west);Link†;+01:00;+01:00;WAT;;backward
"NG,-AO,-BJ,-CD,-CF,-CG,-CM,-GA,-GQ,-NE";Africa/Lagos;West Africa Time;Canonical;+01:00;+01:00;WAT;;africa
GA;Africa/Libreville;;Link†;+01:00;+01:00;WAT;;backward
TG;Africa/Lome;;Link†;+00:00;+00:00;GMT;;backward
AO;Africa/Luanda;;Link†;+01:00;+01:00;WAT;;backward
CD;Africa/Lubumbashi;Dem. Rep. of Congo (east);Link†;+02:00;+02:00;CAT;;backward
ZM;Africa/Lusaka;;Link†;+02:00;+02:00;CAT;;backward
GQ;Africa/Malabo;;Link†;+01:00;+01:00;WAT;;backward
"MZ,-BI,-BW,-CD,-MW,-RW,-ZM,-ZW";Africa/Maputo;Central Africa Time;Canonical;+02:00;+02:00;CAT;;africa
LS;Africa/Maseru;;Link†;+02:00;+02:00;SAST;;backward
SZ;Africa/Mbabane;;Link†;+02:00;+02:00;SAST;;backward
SO;Africa/Mogadishu;;Link†;+03:00;+03:00;EAT;;backward
LR;Africa/Monrovia;;Canonical;+00:00;+00:00;GMT;;africa
"KE,-DJ,-ER,-ET,-KM,-MG,-SO,-TZ,-UG,-YT";Africa/Nairobi;;Canonical;+03:00;+03:00;EAT;;africa
TD;Africa/Ndjamena;;Canonical;+01:00;+01:00;WAT;;africa
NE;Africa/Niamey;;Link†;+01:00;+01:00;WAT;;backward
MR;Africa/Nouakchott;;Link†;+00:00;+00:00;GMT;;backward
BF;Africa/Ouagadougou;;Link†;+00:00;+00:00;GMT;;backward
BJ;Africa/Porto-Novo;;Link†;+01:00;+01:00;WAT;;backward
ST;Africa/Sao_Tome;;Canonical;+00:00;+00:00;GMT;;africa
ML;Africa/Timbuktu;;Link†;+00:00;+00:00;GMT;;backward
LY;Africa/Tripoli;;Canonical;+02:00;+02:00;EET;;africa
TN;Africa/Tunis;;Canonical;+01:00;+01:00;CET;;africa
NA;Africa/Windhoek;;Canonical;+02:00;+02:00;CAT;;africa
US;America/Adak;Alaska - western Aleutians;Canonical;-10:00;-09:00;HST;HDT;northamerica
US;America/Anchorage;Alaska (most areas);Canonical;-09:00;-08:00;AKST;AKDT;northamerica
AI;America/Anguilla;;Link†;-04:00;-04:00;AST;;backward
AG;America/Antigua;;Link†;-04:00;-04:00;AST;;backward
BR;America/Araguaina;Tocantins;Canonical;-03:00;-03:00;-3;;southamerica
AR;America/Argentina/Buenos_Aires;"Buenos Aires (BA, CF)";Canonical;-03:00;-03:00;-3;;southamerica
AR;America/Argentina/Catamarca;"Catamarca (CT); Chubut (CH)";Canonical;-03:00;-03:00;-3;;southamerica
AR;America/Argentina/ComodRivadavia;;Link†;-03:00;-03:00;-3;;backward
AR;America/Argentina/Cordoba;"most areas: CB, CC, CN, ER, FM, MN, SE, SF";Canonical;-03:00;-03:00;-3;;southamerica
AR;America/Argentina/Jujuy;Jujuy (JY);Canonical;-03:00;-03:00;-3;;southamerica
AR;America/Argentina/La_Rioja;La Rioja (LR);Canonical;-03:00;-03:00;-3;;southamerica
AR;America/Argentina/Mendoza;Mendoza (MZ);Canonical;-03:00;-03:00;-3;;southamerica
AR;America/Argentina/Rio_Gallegos;Santa Cruz (SC);Canonical;-03:00;-03:00;-3;;southamerica
AR;America/Argentina/Salta;"Salta (SA, LP, NQ, RN)";Canonical;-03:00;-03:00;-3;;southamerica
AR;America/Argentina/San_Juan;San Juan (SJ);Canonical;-03:00;-03:00;-3;;southamerica
AR;America/Argentina/San_Luis;San Luis (SL);Canonical;-03:00;-03:00;-3;;southamerica
AR;America/Argentina/Tucuman;Tucumán (TM);Canonical;-03:00;-03:00;-3;;southamerica
AR;America/Argentina/Ushuaia;Tierra del Fuego (TF);Canonical;-03:00;-03:00;-3;;southamerica
AW;America/Aruba;;Link†;-04:00;-04:00;AST;;backward
PY;America/Asuncion;;Canonical;-04:00;-03:00;-4;-3;southamerica
CA;America/Atikokan;"EST - ON (Atikokan); NU (Coral H)";Link†;-05:00;-05:00;EST;;backward
US;America/Atka;;Link;-10:00;-09:00;HST;HDT;backward
BR;America/Bahia;Bahia;Canonical;-03:00;-03:00;-3;;southamerica
MX;America/Bahia_Banderas;Bahía de Banderas;Canonical;-06:00;-06:00;CST;;northamerica
BB;America/Barbados;;Canonical;-04:00;-04:00;AST;;northamerica
BR;America/Belem;"Pará (east); Amapá";Canonical;-03:00;-03:00;-3;;southamerica
BZ;America/Belize;;Canonical;-06:00;-06:00;CST;;northamerica
CA;America/Blanc-Sablon;AST - QC (Lower North Shore);Link†;-04:00;-04:00;AST;;backward
BR;America/Boa_Vista;Roraima;Canonical;-04:00;-04:00;-4;;southamerica
CO;America/Bogota;;Canonical;-05:00;-05:00;-5;;southamerica
US;America/Boise;"Mountain - ID (south); OR (east)";Canonical;-07:00;-06:00;MST;MDT;northamerica
AR;America/Buenos_Aires;;Link;-03:00;-03:00;-3;;backward
CA;America/Cambridge_Bay;Mountain - NU (west);Canonical;-07:00;-06:00;MST;MDT;northamerica
BR;America/Campo_Grande;Mato Grosso do Sul;Canonical;-04:00;-04:00;-4;;southamerica
MX;America/Cancun;Quintana Roo;Canonical;-05:00;-05:00;EST;;northamerica
VE;America/Caracas;;Canonical;-04:00;-04:00;-4;;southamerica
AR;America/Catamarca;;Link;-03:00;-03:00;-3;;backward
GF;America/Cayenne;;Canonical;-03:00;-03:00;-3;;southamerica
KY;America/Cayman;;Link†;-05:00;-05:00;EST;;backward
US;America/Chicago;Central (most areas);Canonical;-06:00;-05:00;CST;CDT;northamerica
MX;America/Chihuahua;Chihuahua (most areas);Canonical;-06:00;-06:00;CST;;northamerica
MX;America/Ciudad_Juarez;Chihuahua (US border - west);Canonical;-07:00;-06:00;MST;MDT;northamerica
CA;America/Coral_Harbour;;Link†;-05:00;-05:00;EST;;backward
AR;America/Cordoba;;Link;-03:00;-03:00;-3;;backward
CR;America/Costa_Rica;;Canonical;-06:00;-06:00;CST;;northamerica
CA;America/Creston;MST - BC (Creston);Link†;-07:00;-07:00;MST;;backward
BR;America/Cuiaba;Mato Grosso;Canonical;-04:00;-04:00;-4;;southamerica
CW;America/Curacao;;Link†;-04:00;-04:00;AST;;backward
GL;America/Danmarkshavn;National Park (east coast);Canonical;+00:00;+00:00;GMT;;europe
CA;America/Dawson;MST - Yukon (west);Canonical;-07:00;-07:00;MST;;northamerica
CA;America/Dawson_Creek;"MST - BC (Dawson Cr, Ft St John)";Canonical;-07:00;-07:00;MST;;northamerica
US;America/Denver;Mountain (most areas);Canonical;-07:00;-06:00;MST;MDT;northamerica
US;America/Detroit;Eastern - MI (most areas);Canonical;-05:00;-04:00;EST;EDT;northamerica
DM;America/Dominica;;Link†;-04:00;-04:00;AST;;backward
CA;America/Edmonton;"Mountain - AB; BC (E); NT (E); SK (W)";Canonical;-07:00;-06:00;MST;MDT;northamerica
BR;America/Eirunepe;Amazonas (west);Canonical;-05:00;-05:00;-5;;southamerica
SV;America/El_Salvador;;Canonical;-06:00;-06:00;CST;;northamerica
MX;America/Ensenada;;Link†;-08:00;-07:00;PST;PDT;backward
CA;America/Fort_Nelson;MST - BC (Ft Nelson);Canonical;-07:00;-07:00;MST;;northamerica
US;America/Fort_Wayne;;Link;-05:00;-04:00;EST;EDT;backward
BR;America/Fortaleza;"Brazil (northeast: MA, PI, CE, RN, PB)";Canonical;-03:00;-03:00;-3;;southamerica
CA;America/Glace_Bay;Atlantic - NS (Cape Breton);Canonical;-04:00;-03:00;AST;ADT;northamerica
GL;America/Godthab;;Link;-02:00;-01:00;-2;-1;backward
CA;America/Goose_Bay;Atlantic - Labrador (most areas);Canonical;-04:00;-03:00;AST;ADT;northamerica
TC;America/Grand_Turk;;Canonical;-05:00;-04:00;EST;EDT;northamerica
GD;America/Grenada;;Link†;-04:00;-04:00;AST;;backward
GP;America/Guadeloupe;;Link†;-04:00;-04:00;AST;;backward
GT;America/Guatemala;;Canonical;-06:00;-06:00;CST;;northamerica
EC;America/Guayaquil;Ecuador (mainland);Canonical;-05:00;-05:00;-5;;southamerica
GY;America/Guyana;;Canonical;-04:00;-04:00;-4;;southamerica
CA;America/Halifax;"Atlantic - NS (most areas); PE";Canonical;-04:00;-03:00;AST;ADT;northamerica
CU;America/Havana;;Canonical;-05:00;-04:00;CST;CDT;northamerica
MX;America/Hermosillo;Sonora;Canonical;-07:00;-07:00;MST;;northamerica
US;America/Indiana/Indianapolis;Eastern - IN (most areas);Canonical;-05:00;-04:00;EST;EDT;northamerica
US;America/Indiana/Knox;Central - IN (Starke);Canonical;-06:00;-05:00;CST;CDT;northamerica
US;America/Indiana/Marengo;Eastern - IN (Crawford);Canonical;-05:00;-04:00;EST;EDT;northamerica
US;America/Indiana/Petersburg;Eastern - IN (Pike);Canonical;-05:00;-04:00;EST;EDT;northamerica
US;America/Indiana/Tell_City;Central - IN (Perry);Canonical;-06:00;-05:00;CST;CDT;northamerica
US;America/Indiana/Vevay;Eastern - IN (Switzerland);Canonical;-05:00;-04:00;EST;EDT;northamerica
US;America/Indiana/Vincennes;"Eastern - IN (Da, Du, K, Mn)";Canonical;-05:00;-04:00;EST;EDT;northamerica
US;America/Indiana/Winamac;Eastern - IN (Pulaski);Canonical;-05:00;-04:00;EST;EDT;northamerica
US;America/Indianapolis;;Link;-05:00;-04:00;EST;EDT;backward
CA;America/Inuvik;Mountain - NT (west);Canonical;-07:00;-06:00;MST;MDT;northamerica
CA;America/Iqaluit;Eastern - NU (most areas);Canonical;-05:00;-04:00;EST;EDT;northamerica
JM;America/Jamaica;;Canonical;-05:00;-05:00;EST;;northamerica
AR;America/Jujuy;;Link;-03:00;-03:00;-3;;backward
US;America/Juneau;Alaska - Juneau area;Canonical;-09:00;-08:00;AKST;AKDT;northamerica
US;America/Kentucky/Louisville;Eastern - KY (Louisville area);Canonical;-05:00;-04:00;EST;EDT;northamerica
US;America/Kentucky/Monticello;Eastern - KY (Wayne);Canonical;-05:00;-04:00;EST;EDT;northamerica
US;America/Knox_IN;;Link;-06:00;-05:00;CST;CDT;backward
BQ;America/Kralendijk;;Link;-04:00;-04:00;AST;;backward
BO;America/La_Paz;;Canonical;-04:00;-04:00;-4;;southamerica
PE;America/Lima;;Canonical;-05:00;-05:00;-5;;southamerica
US;America/Los_Angeles;Pacific;Canonical;-08:00;-07:00;PST;PDT;northamerica
US;America/Louisville;;Link;-05:00;-04:00;EST;EDT;backward
SX;America/Lower_Princes;;Link;-04:00;-04:00;AST;;backward
BR;America/Maceio;"Alagoas, Sergipe";Canonical;-03:00;-03:00;-3;;southamerica
NI;America/Managua;;Canonical;-06:00;-06:00;CST;;northamerica
BR;America/Manaus;Amazonas (east);Canonical;-04:00;-04:00;-4;;southamerica
MF;America/Marigot;;Link;-04:00;-04:00;AST;;backward
MQ;America/Martinique;;Canonical;-04:00;-04:00;AST;;northamerica
MX;America/Matamoros;"Coahuila, Nuevo León, Tamaulipas (US border)";Canonical;-06:00;-05:00;CST;CDT;northamerica
MX;America/Mazatlan;"Baja California Sur, Nayarit (most areas), Sinaloa";Canonical;-07:00;-07:00;MST;;northamerica
AR;America/Mendoza;;Link;-03:00;-03:00;-3;;backward
US;America/Menominee;Central - MI (Wisconsin border);Canonical;-06:00;-05:00;CST;CDT;northamerica
MX;America/Merida;"Campeche, Yucatán";Canonical;-06:00;-06:00;CST;;northamerica
US;America/Metlakatla;Alaska - Annette Island;Canonical;-09:00;-08:00;AKST;AKDT;northamerica
MX;America/Mexico_City;Central Mexico;Canonical;-06:00;-06:00;CST;;northamerica
PM;America/Miquelon;;Canonical;-03:00;-02:00;-3;-2;northamerica
CA;America/Moncton;Atlantic - New Brunswick;Canonical;-04:00;-03:00;AST;ADT;northamerica
MX;America/Monterrey;"Durango; Coahuila, Nuevo León, Tamaulipas (most areas)";Canonical;-06:00;-06:00;CST;;northamerica
UY;America/Montevideo;;Canonical;-03:00;-03:00;-3;;southamerica
CA;America/Montreal;;Link†;-05:00;-04:00;EST;EDT;backward
MS;America/Montserrat;;Link†;-04:00;-04:00;AST;;backward
BS;America/Nassau;;Link†;-05:00;-04:00;EST;EDT;backward
US;America/New_York;Eastern (most areas);Canonical;-05:00;-04:00;EST;EDT;northamerica
CA;America/Nipigon;;Link†;-05:00;-04:00;EST;EDT;backward
US;America/Nome;Alaska (west);Canonical;-09:00;-08:00;AKST;AKDT;northamerica
BR;America/Noronha;Atlantic islands;Canonical;-02:00;-02:00;-2;;southamerica
US;America/North_Dakota/Beulah;Central - ND (Mercer);Canonical;-06:00;-05:00;CST;CDT;northamerica
US;America/North_Dakota/Center;Central - ND (Oliver);Canonical;-06:00;-05:00;CST;CDT;northamerica
US;America/North_Dakota/New_Salem;Central - ND (Morton rural);Canonical;-06:00;-05:00;CST;CDT;northamerica
GL;America/Nuuk;most of Greenland;Canonical;-02:00;-01:00;-2;-1;europe
MX;America/Ojinaga;Chihuahua (US border - east);Canonical;-06:00;-05:00;CST;CDT;northamerica
"PA,-CA,-KY";America/Panama;"EST - ON (Atikokan), NU (Coral H)";Canonical;-05:00;-05:00;EST;;northamerica
CA;America/Pangnirtung;;Link†;-05:00;-04:00;EST;EDT;backward
SR;America/Paramaribo;;Canonical;-03:00;-03:00;-3;;southamerica
"US,-CA";America/Phoenix;"MST - AZ (most areas), Creston BC";Canonical;-07:00;-07:00;MST;;northamerica
HT;America/Port-au-Prince;;Canonical;-05:00;-04:00;EST;EDT;northamerica
TT;America/Port_of_Spain;;Link†;-04:00;-04:00;AST;;backward
BR;America/Porto_Acre;;Link;-05:00;-05:00;-5;;backward
BR;America/Porto_Velho;Rondônia;Canonical;-04:00;-04:00;-4;;southamerica
"PR,-AG,-CA,-AI,-AW,-BL,-BQ,-CW,-DM,-GD,-GP,-KN,-LC,-MF,-MS,-SX,-TT,-VC,-VG,-VI";America/Puerto_Rico;AST;Canonical;-04:00;-04:00;AST;;northamerica
CL;America/Punta_Arenas;Region of Magallanes;Canonical;-03:00;-03:00;-3;;southamerica
CA;America/Rainy_River;;Link†;-06:00;-05:00;CST;CDT;backward
CA;America/Rankin_Inlet;Central - NU (central);Canonical;-06:00;-05:00;CST;CDT;northamerica
BR;America/Recife;Pernambuco;Canonical;-03:00;-03:00;-3;;southamerica
CA;America/Regina;CST - SK (most areas);Canonical;-06:00;-06:00;CST;;northamerica
CA;America/Resolute;Central - NU (Resolute);Canonical;-06:00;-05:00;CST;CDT;northamerica
BR;America/Rio_Branco;Acre;Canonical;-05:00;-05:00;-5;;southamerica
AR;America/Rosario;;Link†;-03:00;-03:00;-3;;backward
MX;America/Santa_Isabel;;Link;-08:00;-07:00;PST;PDT;backward
BR;America/Santarem;Pará (west);Canonical;-03:00;-03:00;-3;;southamerica
CL;America/Santiago;most of Chile;Canonical;-04:00;-03:00;-4;-3;southamerica
DO;America/Santo_Domingo;;Canonical;-04:00;-04:00;AST;;northamerica
BR;America/Sao_Paulo;"Brazil (southeast: GO, DF, MG, ES, RJ, SP, PR, SC, RS)";Canonical;-03:00;-03:00;-3;;southamerica
GL;America/Scoresbysund;Scoresbysund/Ittoqqortoormiit;Canonical;-01:00;+00:00;-1;0;europe
US;America/Shiprock;;Link;-07:00;-06:00;MST;MDT;backward
US;America/Sitka;Alaska - Sitka area;Canonical;-09:00;-08:00;AKST;AKDT;northamerica
BL;America/St_Barthelemy;;Link;-04:00;-04:00;AST;;backward
CA;America/St_Johns;"Newfoundland; Labrador (southeast)";Canonical;#VALUE!;#VALUE!;NST;NDT;northamerica
KN;America/St_Kitts;;Link†;-04:00;-04:00;AST;;backward
LC;America/St_Lucia;;Link†;-04:00;-04:00;AST;;backward
VI;America/St_Thomas;;Link†;-04:00;-04:00;AST;;backward
VC;America/St_Vincent;;Link†;-04:00;-04:00;AST;;backward
CA;America/Swift_Current;CST - SK (midwest);Canonical;-06:00;-06:00;CST;;northamerica
HN;America/Tegucigalpa;;Canonical;-06:00;-06:00;CST;;northamerica
GL;America/Thule;Thule/Pituffik;Canonical;-04:00;-03:00;AST;ADT;europe
CA;America/Thunder_Bay;;Link†;-05:00;-04:00;EST;EDT;backward
MX;America/Tijuana;Baja California;Canonical;-08:00;-07:00;PST;PDT;northamerica
"CA,-BS";America/Toronto;"Eastern - ON, QC (most areas)";Canonical;-05:00;-04:00;EST;EDT;northamerica
VG;America/Tortola;;Link†;-04:00;-04:00;AST;;backward
CA;America/Vancouver;Pacific - BC (most areas);Canonical;-08:00;-07:00;PST;PDT;northamerica
VI;America/Virgin;;Link;-04:00;-04:00;AST;;backward
CA;America/Whitehorse;MST - Yukon (east);Canonical;-07:00;-07:00;MST;;northamerica
CA;America/Winnipeg;"Central - ON (west); Manitoba";Canonical;-06:00;-05:00;CST;CDT;northamerica
US;America/Yakutat;Alaska - Yakutat;Canonical;-09:00;-08:00;AKST;AKDT;northamerica
CA;America/Yellowknife;;Link†;-07:00;-06:00;MST;MDT;backward
AQ;Antarctica/Casey;Casey;Canonical;+11:00;+11:00;11;;antarctica
AQ;Antarctica/Davis;Davis;Canonical;+07:00;+07:00;7;;antarctica
AQ;Antarctica/DumontDUrville;Dumont-d'Urville;Link†;+10:00;+10:00;10;;backward
AU;Antarctica/Macquarie;Macquarie Island;Canonical;+10:00;+11:00;AEST;AEDT;australasia
AQ;Antarctica/Mawson;Mawson;Canonical;+05:00;+05:00;5;;antarctica
AQ;Antarctica/McMurdo;"New Zealand time - McMurdo, South Pole";Link†;+12:00;+13:00;NZST;NZDT;backward
AQ;Antarctica/Palmer;Palmer;Canonical;-03:00;-03:00;-3;;southamerica
AQ;Antarctica/Rothera;Rothera;Canonical;-03:00;-03:00;-3;;antarctica
AQ;Antarctica/South_Pole;;Link;+12:00;+13:00;NZST;NZDT;backward
AQ;Antarctica/Syowa;Syowa;Link†;+03:00;+03:00;3;;backward
AQ;Antarctica/Troll;Troll;Canonical;+00:00;+02:00;0;2;antarctica
AQ;Antarctica/Vostok;Vostok;Link†;+06:00;+06:00;6;;backward
SJ;Arctic/Longyearbyen;;Link;+01:00;+02:00;CET;CEST;backward
YE;Asia/Aden;;Link†;+03:00;+03:00;3;;backward
KZ;Asia/Almaty;most of Kazakhstan;Canonical;+06:00;+06:00;6;;asia
JO;Asia/Amman;;Canonical;+03:00;+03:00;3;;asia
RU;Asia/Anadyr;MSK+09 - Bering Sea;Canonical;+12:00;+12:00;12;;europe
KZ;Asia/Aqtau;Mangghysta-/Mankistau;Canonical;+05:00;+05:00;5;;asia
KZ;Asia/Aqtobe;Aqtöbe/Aktobe;Canonical;+05:00;+05:00;5;;asia
TM;Asia/Ashgabat;;Canonical;+05:00;+05:00;5;;asia
TM;Asia/Ashkhabad;;Link;+05:00;+05:00;5;;backward
KZ;Asia/Atyrau;Atyra-/Atirau/Gur'yev;Canonical;+05:00;+05:00;5;;asia
IQ;Asia/Baghdad;;Canonical;+03:00;+03:00;3;;asia
BH;Asia/Bahrain;;Link†;+03:00;+03:00;3;;backward
AZ;Asia/Baku;;Canonical;+04:00;+04:00;4;;asia
"TH,-CX,-KH,-LA,-VN";Asia/Bangkok;north Vietnam;Canonical;+07:00;+07:00;7;;asia
RU;Asia/Barnaul;MSK+04 - Altai;Canonical;+07:00;+07:00;7;;europe
LB;Asia/Beirut;;Canonical;+02:00;+03:00;EET;EEST;asia
KG;Asia/Bishkek;;Canonical;+06:00;+06:00;6;;asia
BN;Asia/Brunei;;Link†;+08:00;+08:00;8;;backward
IN;Asia/Calcutta;;Link; +05:30; +05:30;IST;;backward
RU;Asia/Chita;MSK+06 - Zabaykalsky;Canonical;+09:00;+09:00;9;;europe
MN;Asia/Choibalsan;"Dornod, Sükhbaatar";Canonical;+08:00;+08:00;8;;asia
CN;Asia/Chongqing;;Link†;+08:00;+08:00;CST;;backward
CN;Asia/Chungking;;Link;+08:00;+08:00;CST;;backward
LK;Asia/Colombo;;Canonical; +05:30; +05:30;530;;asia
BD;Asia/Dacca;;Link;+06:00;+06:00;6;;backward
SY;Asia/Damascus;;Canonical;+03:00;+03:00;3;;asia
BD;Asia/Dhaka;;Canonical;+06:00;+06:00;6;;asia
TL;Asia/Dili;;Canonical;+09:00;+09:00;9;;asia
"AE,-OM,-RE,-SC,-TF";Asia/Dubai;"Crozet, Scattered Is";Canonical;+04:00;+04:00;4;;asia
TJ;Asia/Dushanbe;;Canonical;+05:00;+05:00;5;;asia
CY;Asia/Famagusta;Northern Cyprus;Canonical;+02:00;+03:00;EET;EEST;asia
PS;Asia/Gaza;Gaza Strip;Canonical;+02:00;+03:00;EET;EEST;asia
CN;Asia/Harbin;;Link†;+08:00;+08:00;CST;;backward
PS;Asia/Hebron;West Bank;Canonical;+02:00;+03:00;EET;EEST;asia
VN;Asia/Ho_Chi_Minh;south Vietnam;Canonical;+07:00;+07:00;7;;asia
HK;Asia/Hong_Kong;;Canonical;+08:00;+08:00;HKT;;asia
MN;Asia/Hovd;"Bayan-Ölgii, Govi-Altai, Hovd, Uvs, Zavkhan";Canonical;+07:00;+07:00;7;;asia
RU;Asia/Irkutsk;"MSK+05 - Irkutsk, Buryatia";Canonical;+08:00;+08:00;8;;europe
TR;Asia/Istanbul;;Link;+03:00;+03:00;3;;backward
ID;Asia/Jakarta;"Java, Sumatra";Canonical;+07:00;+07:00;WIB;;asia
ID;Asia/Jayapura;"New Guinea (West Papua / Irian Jaya); Malukus/Moluccas";Canonical;+09:00;+09:00;WIT;;asia
IL;Asia/Jerusalem;;Canonical;+02:00;+03:00;IST;IDT;asia
AF;Asia/Kabul;;Canonical; +04:30; +04:30;430;;asia
RU;Asia/Kamchatka;MSK+09 - Kamchatka;Canonical;+12:00;+12:00;12;;europe
PK;Asia/Karachi;;Canonical;+05:00;+05:00;PKT;;asia
CN;Asia/Kashgar;;Link†;+06:00;+06:00;6;;backward
NP;Asia/Kathmandu;;Canonical; +05:45; +05:45;545;;asia
NP;Asia/Katmandu;;Link; +05:45; +05:45;545;;backward
RU;Asia/Khandyga;"MSK+06 - Tomponsky, Ust-Maysky";Canonical;+09:00;+09:00;9;;europe
IN;Asia/Kolkata;;Canonical; +05:30; +05:30;IST;;asia
RU;Asia/Krasnoyarsk;MSK+04 - Krasnoyarsk area;Canonical;+07:00;+07:00;7;;europe
MY;Asia/Kuala_Lumpur;Malaysia (peninsula);Link†;+08:00;+08:00;8;;backward
"MY,-BN";Asia/Kuching;"Sabah, Sarawak";Canonical;+08:00;+08:00;8;;asia
KW;Asia/Kuwait;;Link†;+03:00;+03:00;3;;backward
MO;Asia/Macao;;Link;+08:00;+08:00;CST;;backward
MO;Asia/Macau;;Canonical;+08:00;+08:00;CST;;asia
RU;Asia/Magadan;MSK+08 - Magadan;Canonical;+11:00;+11:00;11;;europe
ID;Asia/Makassar;"Borneo (east, south); Sulawesi/Celebes, Bali, Nusa Tengarra; Timor (west)";Canonical;+08:00;+08:00;WITA;;asia
PH;Asia/Manila;;Canonical;+08:00;+08:00;PST;;asia
OM;Asia/Muscat;;Link†;+04:00;+04:00;4;;backward
CY;Asia/Nicosia;most of Cyprus;Canonical;+02:00;+03:00;EET;EEST;asia
RU;Asia/Novokuznetsk;MSK+04 - Kemerovo;Canonical;+07:00;+07:00;7;;europe
RU;Asia/Novosibirsk;MSK+04 - Novosibirsk;Canonical;+07:00;+07:00;7;;europe
RU;Asia/Omsk;MSK+03 - Omsk;Canonical;+06:00;+06:00;6;;europe
KZ;Asia/Oral;West Kazakhstan;Canonical;+05:00;+05:00;5;;asia
KH;Asia/Phnom_Penh;;Link†;+07:00;+07:00;7;;backward
ID;Asia/Pontianak;"Borneo (west, central)";Canonical;+07:00;+07:00;WIB;;asia
KP;Asia/Pyongyang;;Canonical;+09:00;+09:00;KST;;asia
"QA,-BH";Asia/Qatar;;Canonical;+03:00;+03:00;3;;asia
KZ;Asia/Qostanay;Qostanay/Kostanay/Kustanay;Canonical;+06:00;+06:00;6;;asia
KZ;Asia/Qyzylorda;Qyzylorda/Kyzylorda/Kzyl-Orda;Canonical;+05:00;+05:00;5;;asia
MM;Asia/Rangoon;;Link; +06:30; +06:30;630;;backward
"SA,-AQ,-KW,-YE";Asia/Riyadh;Syowa;Canonical;+03:00;+03:00;3;;asia
VN;Asia/Saigon;;Link;+07:00;+07:00;7;;backward
RU;Asia/Sakhalin;MSK+08 - Sakhalin Island;Canonical;+11:00;+11:00;11;;europe
UZ;Asia/Samarkand;Uzbekistan (west);Canonical;+05:00;+05:00;5;;asia
KR;Asia/Seoul;;Canonical;+09:00;+09:00;KST;;asia
CN;Asia/Shanghai;Beijing Time;Canonical;+08:00;+08:00;CST;;asia
"SG,-MY";Asia/Singapore;peninsular Malaysia;Canonical;+08:00;+08:00;8;;asia
RU;Asia/Srednekolymsk;"MSK+08 - Sakha (E); N Kuril Is";Canonical;+11:00;+11:00;11;;europe
TW;Asia/Taipei;;Canonical;+08:00;+08:00;CST;;asia
UZ;Asia/Tashkent;Uzbekistan (east);Canonical;+05:00;+05:00;5;;asia
GE;Asia/Tbilisi;;Canonical;+04:00;+04:00;4;;asia
IR;Asia/Tehran;;Canonical; +03:30; +03:30;330;;asia
IL;Asia/Tel_Aviv;;Link†;+02:00;+03:00;IST;IDT;backward
BT;Asia/Thimbu;;Link;+06:00;+06:00;6;;backward
BT;Asia/Thimphu;;Canonical;+06:00;+06:00;6;;asia
JP;Asia/Tokyo;;Canonical;+09:00;+09:00;JST;;asia
RU;Asia/Tomsk;MSK+04 - Tomsk;Canonical;+07:00;+07:00;7;;europe
ID;Asia/Ujung_Pandang;;Link;+08:00;+08:00;WITA;;backward
MN;Asia/Ulaanbaatar;most of Mongolia;Canonical;+08:00;+08:00;8;;asia
MN;Asia/Ulan_Bator;;Link;+08:00;+08:00;8;;backward
"CN,-AQ";Asia/Urumqi;"Xinjiang Time, Vostok";Canonical;+06:00;+06:00;6;;asia
RU;Asia/Ust-Nera;MSK+07 - Oymyakonsky;Canonical;+10:00;+10:00;10;;europe
LA;Asia/Vientiane;;Link†;+07:00;+07:00;7;;backward
RU;Asia/Vladivostok;MSK+07 - Amur River;Canonical;+10:00;+10:00;10;;europe
RU;Asia/Yakutsk;MSK+06 - Lena River;Canonical;+09:00;+09:00;9;;europe
"MM,-CC";Asia/Yangon;;Canonical; +06:30; +06:30;630;;asia
RU;Asia/Yekaterinburg;MSK+02 - Urals;Canonical;+05:00;+05:00;5;;europe
AM;Asia/Yerevan;;Canonical;+04:00;+04:00;4;;asia
PT;Atlantic/Azores;Azores;Canonical;-01:00;+00:00;-1;0;europe
BM;Atlantic/Bermuda;;Canonical;-04:00;-03:00;AST;ADT;northamerica
ES;Atlantic/Canary;Canary Islands;Canonical;+00:00;+01:00;WET;WEST;europe
CV;Atlantic/Cape_Verde;;Canonical;-01:00;-01:00;-1;;africa
FO;Atlantic/Faeroe;;Link;+00:00;+01:00;WET;WEST;backward
FO;Atlantic/Faroe;;Canonical;+00:00;+01:00;WET;WEST;europe
SJ;Atlantic/Jan_Mayen;;Link†;+01:00;+02:00;CET;CEST;backward
PT;Atlantic/Madeira;Madeira Islands;Canonical;+00:00;+01:00;WET;WEST;europe
IS;Atlantic/Reykjavik;;Link†;+00:00;+00:00;GMT;;backward
GS;Atlantic/South_Georgia;;Canonical;-02:00;-02:00;-2;;southamerica
SH;Atlantic/St_Helena;;Link†;+00:00;+00:00;GMT;;backward
FK;Atlantic/Stanley;;Canonical;-03:00;-03:00;-3;;southamerica
AU;Australia/ACT;;Link;+10:00;+11:00;AEST;AEDT;backward
AU;Australia/Adelaide;South Australia;Canonical; +09:30; +10:30;ACST;ACDT;australasia
AU;Australia/Brisbane;Queensland (most areas);Canonical;+10:00;+10:00;AEST;;australasia
AU;Australia/Broken_Hill;New South Wales (Yancowinna);Canonical; +09:30; +10:30;ACST;ACDT;australasia
AU;Australia/Canberra;;Link;+10:00;+11:00;AEST;AEDT;backward
AU;Australia/Currie;;Link†;+10:00;+11:00;AEST;AEDT;backward
AU;Australia/Darwin;Northern Territory;Canonical; +09:30; +09:30;ACST;;australasia
AU;Australia/Eucla;Western Australia (Eucla);Canonical; +08:45; +08:45;845;;australasia
AU;Australia/Hobart;Tasmania;Canonical;+10:00;+11:00;AEST;AEDT;australasia
AU;Australia/LHI;;Link; +10:30;+11:00;1030;11;backward
AU;Australia/Lindeman;Queensland (Whitsunday Islands);Canonical;+10:00;+10:00;AEST;;australasia
AU;Australia/Lord_Howe;Lord Howe Island;Canonical; +10:30;+11:00;1030;11;australasia
AU;Australia/Melbourne;Victoria;Canonical;+10:00;+11:00;AEST;AEDT;australasia
AU;Australia/North;;Link; +09:30; +09:30;ACST;;backward
AU;Australia/NSW;;Link;+10:00;+11:00;AEST;AEDT;backward
AU;Australia/Perth;Western Australia (most areas);Canonical;+08:00;+08:00;AWST;;australasia
AU;Australia/Queensland;;Link;+10:00;+10:00;AEST;;backward
AU;Australia/South;;Link; +09:30; +10:30;ACST;ACDT;backward
AU;Australia/Sydney;New South Wales (most areas);Canonical;+10:00;+11:00;AEST;AEDT;australasia
AU;Australia/Tasmania;;Link;+10:00;+11:00;AEST;AEDT;backward
AU;Australia/Victoria;;Link;+10:00;+11:00;AEST;AEDT;backward
AU;Australia/West;;Link;+08:00;+08:00;AWST;;backward
AU;Australia/Yancowinna;;Link; +09:30; +10:30;ACST;ACDT;backward
BR;Brazil/Acre;;Link;-05:00;-05:00;-5;;backward
BR;Brazil/DeNoronha;;Link;-02:00;-02:00;-2;;backward
BR;Brazil/East;;Link;-03:00;-03:00;-3;;backward
BR;Brazil/West;;Link;-04:00;-04:00;-4;;backward
CA;Canada/Atlantic;;Link;-04:00;-03:00;AST;ADT;backward
CA;Canada/Central;;Link;-06:00;-05:00;CST;CDT;backward
CA;Canada/Eastern;;Link;-05:00;-04:00;EST;EDT;backward
CA;Canada/Mountain;;Link;-07:00;-06:00;MST;MDT;backward
CA;Canada/Newfoundland;;Link;#VALUE!;#VALUE!;NST;NDT;backward
CA;Canada/Pacific;;Link;-08:00;-07:00;PST;PDT;backward
CA;Canada/Saskatchewan;;Link;-06:00;-06:00;CST;;backward
CA;Canada/Yukon;;Link;-07:00;-07:00;MST;;backward
;CET;;Canonical;+01:00;+02:00;CET;CEST;europe
CL;Chile/Continental;;Link;-04:00;-03:00;-4;-3;backward
CL;Chile/EasterIsland;;Link;-06:00;-05:00;-6;-5;backward
;CST6CDT;;Canonical;-06:00;-05:00;CST;CDT;northamerica
CU;Cuba;;Link;-05:00;-04:00;CST;CDT;backward
;EET;;Canonical;+02:00;+03:00;EET;EEST;europe
EG;Egypt;;Link;+02:00;+03:00;EET;EEST;backward
IE;Eire;;Link;+01:00;+00:00;IST;GMT;backward
;EST;;Canonical;-05:00;-05:00;EST;;northamerica
;EST5EDT;;Canonical;-05:00;-04:00;EST;EDT;northamerica
;Etc/GMT;;Canonical;+00:00;+00:00;GMT;;etcetera
;Etc/GMT+0;;Link;+00:00;+00:00;GMT;;backward
;Etc/GMT+1;;Canonical;-01:00;-01:00;-1;;etcetera
;Etc/GMT+10;;Canonical;-10:00;-10:00;-10;;etcetera
;Etc/GMT+11;;Canonical;-11:00;-11:00;-11;;etcetera
;Etc/GMT+12;;Canonical;-12:00;-12:00;-12;;etcetera
;Etc/GMT+2;;Canonical;-02:00;-02:00;-2;;etcetera
;Etc/GMT+3;;Canonical;-03:00;-03:00;-3;;etcetera
;Etc/GMT+4;;Canonical;-04:00;-04:00;-4;;etcetera
;Etc/GMT+5;;Canonical;-05:00;-05:00;-5;;etcetera
;Etc/GMT+6;;Canonical;-06:00;-06:00;-6;;etcetera
;Etc/GMT+7;;Canonical;-07:00;-07:00;-7;;etcetera
;Etc/GMT+8;;Canonical;-08:00;-08:00;-8;;etcetera
;Etc/GMT+9;;Canonical;-09:00;-09:00;-9;;etcetera
;Etc/GMT-0;;Link;+00:00;+00:00;GMT;;backward
;Etc/GMT-1;;Canonical;+01:00;+01:00;1;;etcetera
;Etc/GMT-10;;Canonical;+10:00;+10:00;10;;etcetera
;Etc/GMT-11;;Canonical;+11:00;+11:00;11;;etcetera
;Etc/GMT-12;;Canonical;+12:00;+12:00;12;;etcetera
;Etc/GMT-13;;Canonical;+13:00;+13:00;13;;etcetera
;Etc/GMT-14;;Canonical;+14:00;+14:00;14;;etcetera
;Etc/GMT-2;;Canonical;+02:00;+02:00;2;;etcetera
;Etc/GMT-3;;Canonical;+03:00;+03:00;3;;etcetera
;Etc/GMT-4;;Canonical;+04:00;+04:00;4;;etcetera
;Etc/GMT-5;;Canonical;+05:00;+05:00;5;;etcetera
;Etc/GMT-6;;Canonical;+06:00;+06:00;6;;etcetera
;Etc/GMT-7;;Canonical;+07:00;+07:00;7;;etcetera
;Etc/GMT-8;;Canonical;+08:00;+08:00;8;;etcetera
;Etc/GMT-9;;Canonical;+09:00;+09:00;9;;etcetera
;Etc/GMT0;;Link;+00:00;+00:00;GMT;;backward
;Etc/Greenwich;;Link;+00:00;+00:00;GMT;;backward
;Etc/UCT;;Link;+00:00;+00:00;UTC;;backward
;Etc/Universal;;Link;+00:00;+00:00;UTC;;backward
;Etc/UTC;;Canonical;+00:00;+00:00;UTC;;etcetera
;Etc/Zulu;;Link;+00:00;+00:00;UTC;;backward
NL;Europe/Amsterdam;;Link†;+01:00;+02:00;CET;CEST;backward
AD;Europe/Andorra;;Canonical;+01:00;+02:00;CET;CEST;europe
RU;Europe/Astrakhan;MSK+01 - Astrakhan;Canonical;+04:00;+04:00;4;;europe
GR;Europe/Athens;;Canonical;+02:00;+03:00;EET;EEST;europe
GB;Europe/Belfast;;Link†;+00:00;+01:00;GMT;BST;backward
"RS,-BA,-HR,-ME,-MK,-SI";Europe/Belgrade;;Canonical;+01:00;+02:00;CET;CEST;europe
"DE,-DK,-NO,-SE,-SJ";Europe/Berlin;most of Germany;Canonical;+01:00;+02:00;CET;CEST;europe
SK;Europe/Bratislava;;Link;+01:00;+02:00;CET;CEST;backward
"BE,-LU,-NL";Europe/Brussels;;Canonical;+01:00;+02:00;CET;CEST;europe
RO;Europe/Bucharest;;Canonical;+02:00;+03:00;EET;EEST;europe
HU;Europe/Budapest;;Canonical;+01:00;+02:00;CET;CEST;europe
DE;Europe/Busingen;Busingen;Link;+01:00;+02:00;CET;CEST;backward
MD;Europe/Chisinau;;Canonical;+02:00;+03:00;EET;EEST;europe
DK;Europe/Copenhagen;;Link†;+01:00;+02:00;CET;CEST;backward
IE;Europe/Dublin;;Canonical;+01:00;+00:00;IST;GMT;europe
GI;Europe/Gibraltar;;Canonical;+01:00;+02:00;CET;CEST;europe
GG;Europe/Guernsey;;Link†;+00:00;+01:00;GMT;BST;backward
"FI,-AX";Europe/Helsinki;;Canonical;+02:00;+03:00;EET;EEST;europe
IM;Europe/Isle_of_Man;;Link†;+00:00;+01:00;GMT;BST;backward
TR;Europe/Istanbul;;Canonical;+03:00;+03:00;3;;europe
JE;Europe/Jersey;;Link†;+00:00;+01:00;GMT;BST;backward
RU;Europe/Kaliningrad;MSK-01 - Kaliningrad;Canonical;+02:00;+02:00;EET;;europe
UA;Europe/Kiev;;Link;+02:00;+03:00;EET;EEST;backward
RU;Europe/Kirov;MSK+00 - Kirov;Canonical;+03:00;+03:00;MSK;;europe
UA;Europe/Kyiv;most of Ukraine;Canonical;+02:00;+03:00;EET;EEST;europe
PT;Europe/Lisbon;Portugal (mainland);Canonical;+00:00;+01:00;WET;WEST;europe
SI;Europe/Ljubljana;;Link†;+01:00;+02:00;CET;CEST;backward
"GB,-GG,-IM,-JE";Europe/London;;Canonical;+00:00;+01:00;GMT;BST;europe
LU;Europe/Luxembourg;;Link†;+01:00;+02:00;CET;CEST;backward
ES;Europe/Madrid;Spain (mainland);Canonical;+01:00;+02:00;CET;CEST;europe
MT;Europe/Malta;;Canonical;+01:00;+02:00;CET;CEST;europe
AX;Europe/Mariehamn;;Link;+02:00;+03:00;EET;EEST;backward
BY;Europe/Minsk;;Canonical;+03:00;+03:00;3;;europe
MC;Europe/Monaco;;Link†;+01:00;+02:00;CET;CEST;backward
RU;Europe/Moscow;MSK+00 - Moscow area;Canonical;+03:00;+03:00;MSK;;europe
CY;Europe/Nicosia;;Link;+02:00;+03:00;EET;EEST;backward
NO;Europe/Oslo;;Link†;+01:00;+02:00;CET;CEST;backward
"FR,-MC";Europe/Paris;;Canonical;+01:00;+02:00;CET;CEST;europe
ME;Europe/Podgorica;;Link;+01:00;+02:00;CET;CEST;backward
"CZ,-SK";Europe/Prague;;Canonical;+01:00;+02:00;CET;CEST;europe
LV;Europe/Riga;;Canonical;+02:00;+03:00;EET;EEST;europe
"IT,-SM,-VA";Europe/Rome;;Canonical;+01:00;+02:00;CET;CEST;europe
RU;Europe/Samara;"MSK+01 - Samara, Udmurtia";Canonical;+04:00;+04:00;4;;europe
SM;Europe/San_Marino;;Link;+01:00;+02:00;CET;CEST;backward
BA;Europe/Sarajevo;;Link†;+01:00;+02:00;CET;CEST;backward
RU;Europe/Saratov;MSK+01 - Saratov;Canonical;+04:00;+04:00;4;;europe
"RU,-UA";Europe/Simferopol;Crimea;Canonical;+03:00;+03:00;MSK;;europe
MK;Europe/Skopje;;Link†;+01:00;+02:00;CET;CEST;backward
BG;Europe/Sofia;;Canonical;+02:00;+03:00;EET;EEST;europe
SE;Europe/Stockholm;;Link†;+01:00;+02:00;CET;CEST;backward
EE;Europe/Tallinn;;Canonical;+02:00;+03:00;EET;EEST;europe
AL;Europe/Tirane;;Canonical;+01:00;+02:00;CET;CEST;europe
MD;Europe/Tiraspol;;Link†;+02:00;+03:00;EET;EEST;backward
RU;Europe/Ulyanovsk;MSK+01 - Ulyanovsk;Canonical;+04:00;+04:00;4;;europe
UA;Europe/Uzhgorod;;Link†;+02:00;+03:00;EET;EEST;backward
LI;Europe/Vaduz;;Link†;+01:00;+02:00;CET;CEST;backward
VA;Europe/Vatican;;Link;+01:00;+02:00;CET;CEST;backward
AT;Europe/Vienna;;Canonical;+01:00;+02:00;CET;CEST;europe
LT;Europe/Vilnius;;Canonical;+02:00;+03:00;EET;EEST;europe
RU;Europe/Volgograd;MSK+00 - Volgograd;Canonical;+03:00;+03:00;MSK;;europe
PL;Europe/Warsaw;;Canonical;+01:00;+02:00;CET;CEST;europe
HR;Europe/Zagreb;;Link†;+01:00;+02:00;CET;CEST;backward
UA;Europe/Zaporozhye;;Link†;+02:00;+03:00;EET;EEST;backward
"CH,-DE,-LI";Europe/Zurich;Büsingen;Canonical;+01:00;+02:00;CET;CEST;europe
;Factory;;Canonical;+00:00;+00:00;0;;factory
GB;GB;;Link;+00:00;+01:00;GMT;BST;backward
GB;GB-Eire;;Link;+00:00;+01:00;GMT;BST;backward
;GMT;;Link;+00:00;+00:00;GMT;;etcetera
;GMT+0;;Link;+00:00;+00:00;GMT;;backward
;GMT-0;;Link;+00:00;+00:00;GMT;;backward
;GMT0;;Link;+00:00;+00:00;GMT;;backward
;Greenwich;;Link;+00:00;+00:00;GMT;;backward
HK;Hongkong;;Link;+08:00;+08:00;HKT;;backward
;HST;;Canonical;-10:00;-10:00;HST;;northamerica
IS;Iceland;;Link;+00:00;+00:00;GMT;;backward
MG;Indian/Antananarivo;;Link†;+03:00;+03:00;EAT;;backward
IO;Indian/Chagos;;Canonical;+06:00;+06:00;6;;asia
CX;Indian/Christmas;;Link†;+07:00;+07:00;7;;backward
CC;Indian/Cocos;;Link†; +06:30; +06:30;630;;backward
KM;Indian/Comoro;;Link†;+03:00;+03:00;EAT;;backward
TF;Indian/Kerguelen;;Link†;+05:00;+05:00;5;;backward
SC;Indian/Mahe;;Link†;+04:00;+04:00;4;;backward
"MV,-TF";Indian/Maldives;"Kerguelen, St Paul I, Amsterdam I";Canonical;+05:00;+05:00;5;;asia
MU;Indian/Mauritius;;Canonical;+04:00;+04:00;4;;africa
YT;Indian/Mayotte;;Link†;+03:00;+03:00;EAT;;backward
RE;Indian/Reunion;;Link†;+04:00;+04:00;4;;backward
IR;Iran;;Link; +03:30; +03:30;330;;backward
IL;Israel;;Link;+02:00;+03:00;IST;IDT;backward
JM;Jamaica;;Link;-05:00;-05:00;EST;;backward
JP;Japan;;Link;+09:00;+09:00;JST;;backward
MH;Kwajalein;;Link;+12:00;+12:00;12;;backward
LY;Libya;;Link;+02:00;+02:00;EET;;backward
;MET;;Canonical;+01:00;+02:00;MET;MEST;europe
MX;Mexico/BajaNorte;;Link;-08:00;-07:00;PST;PDT;backward
MX;Mexico/BajaSur;;Link;-07:00;-07:00;MST;;backward
MX;Mexico/General;;Link;-06:00;-06:00;CST;;backward
;MST;;Canonical;-07:00;-07:00;MST;;northamerica
;MST7MDT;;Canonical;-07:00;-06:00;MST;MDT;northamerica
US;Navajo;;Link;-07:00;-06:00;MST;MDT;backward
NZ;NZ;;Link;+12:00;+13:00;NZST;NZDT;backward
NZ;NZ-CHAT;;Link; +12:45; +13:45;1245;1345;backward
WS;Pacific/Apia;;Canonical;+13:00;+13:00;13;;australasia
"NZ,-AQ";Pacific/Auckland;New Zealand time;Canonical;+12:00;+13:00;NZST;NZDT;australasia
PG;Pacific/Bougainville;Bougainville;Canonical;+11:00;+11:00;11;;australasia
NZ;Pacific/Chatham;Chatham Islands;Canonical; +12:45; +13:45;1245;1345;australasia
FM;Pacific/Chuuk;"Chuuk/Truk, Yap";Link†;+10:00;+10:00;10;;backward
CL;Pacific/Easter;Easter Island;Canonical;-06:00;-05:00;-6;-5;southamerica
VU;Pacific/Efate;;Canonical;+11:00;+11:00;11;;australasia
KI;Pacific/Enderbury;;Link†;+13:00;+13:00;13;;backward
TK;Pacific/Fakaofo;;Canonical;+13:00;+13:00;13;;australasia
FJ;Pacific/Fiji;;Canonical;+12:00;+12:00;12;;australasia
TV;Pacific/Funafuti;;Link†;+12:00;+12:00;12;;backward
EC;Pacific/Galapagos;Galápagos Islands;Canonical;-06:00;-06:00;-6;;southamerica
PF;Pacific/Gambier;Gambier Islands;Canonical;-09:00;-09:00;-9;;australasia
"SB,-FM";Pacific/Guadalcanal;Pohnpei;Canonical;+11:00;+11:00;11;;australasia
"GU,-MP";Pacific/Guam;;Canonical;+10:00;+10:00;ChST;;australasia
US;Pacific/Honolulu;Hawaii;Canonical;-10:00;-10:00;HST;;northamerica
US;Pacific/Johnston;;Link†;-10:00;-10:00;HST;;backward
KI;Pacific/Kanton;Phoenix Islands;Canonical;+13:00;+13:00;13;;australasia
KI;Pacific/Kiritimati;Line Islands;Canonical;+14:00;+14:00;14;;australasia
FM;Pacific/Kosrae;Kosrae;Canonical;+11:00;+11:00;11;;australasia
MH;Pacific/Kwajalein;Kwajalein;Canonical;+12:00;+12:00;12;;australasia
MH;Pacific/Majuro;most of Marshall Islands;Link†;+12:00;+12:00;12;;backward
PF;Pacific/Marquesas;Marquesas Islands;Canonical;#VALUE!;#VALUE!;-930;;australasia
UM;Pacific/Midway;Midway Islands;Link†;-11:00;-11:00;SST;;backward
NR;Pacific/Nauru;;Canonical;+12:00;+12:00;12;;australasia
NU;Pacific/Niue;;Canonical;-11:00;-11:00;-11;;australasia
NF;Pacific/Norfolk;;Canonical;+11:00;+12:00;11;12;australasia
NC;Pacific/Noumea;;Canonical;+11:00;+11:00;11;;australasia
"AS,-UM";Pacific/Pago_Pago;Midway;Canonical;-11:00;-11:00;SST;;australasia
PW;Pacific/Palau;;Canonical;+09:00;+09:00;9;;australasia
PN;Pacific/Pitcairn;;Canonical;-08:00;-08:00;-8;;australasia
FM;Pacific/Pohnpei;Pohnpei/Ponape;Link†;+11:00;+11:00;11;;backward
FM;Pacific/Ponape;;Link;+11:00;+11:00;11;;backward
"PG,-AQ,-FM";Pacific/Port_Moresby;"Papua New Guinea (most areas), Chuuk, Yap, Dumont d'Urville";Canonical;+10:00;+10:00;10;;australasia
CK;Pacific/Rarotonga;;Canonical;-10:00;-10:00;-10;;australasia
MP;Pacific/Saipan;;Link†;+10:00;+10:00;ChST;;backward
AS;Pacific/Samoa;;Link;-11:00;-11:00;SST;;backward
PF;Pacific/Tahiti;Society Islands;Canonical;-10:00;-10:00;-10;;australasia
"KI,-MH,-TV,-UM,-WF";Pacific/Tarawa;"Gilberts, Marshalls, Wake";Canonical;+12:00;+12:00;12;;australasia
TO;Pacific/Tongatapu;;Canonical;+13:00;+13:00;13;;australasia
FM;Pacific/Truk;;Link;+10:00;+10:00;10;;backward
UM;Pacific/Wake;Wake Island;Link†;+12:00;+12:00;12;;backward
WF;Pacific/Wallis;;Link†;+12:00;+12:00;12;;backward
FM;Pacific/Yap;;Link;+10:00;+10:00;10;;backward
PL;Poland;;Link;+01:00;+02:00;CET;CEST;backward
PT;Portugal;;Link;+00:00;+01:00;WET;WEST;backward
CN;PRC;;Link;+08:00;+08:00;CST;;backward
;PST8PDT;;Canonical;-08:00;-07:00;PST;PDT;northamerica
TW;ROC;;Link;+08:00;+08:00;CST;;backward
KR;ROK;;Link;+09:00;+09:00;KST;;backward
SG;Singapore;;Link;+08:00;+08:00;8;;backward
TR;Turkey;;Link;+03:00;+03:00;3;;backward
;UCT;;Link;+00:00;+00:00;UTC;;backward
;Universal;;Link;+00:00;+00:00;UTC;;backward
US;US/Alaska;;Link;-09:00;-08:00;AKST;AKDT;backward
US;US/Aleutian;;Link;-10:00;-09:00;HST;HDT;backward
US;US/Arizona;;Link;-07:00;-07:00;MST;;backward
US;US/Central;;Link;-06:00;-05:00;CST;CDT;backward
US;US/East-Indiana;;Link;-05:00;-04:00;EST;EDT;backward
US;US/Eastern;;Link;-05:00;-04:00;EST;EDT;backward
US;US/Hawaii;;Link;-10:00;-10:00;HST;;backward
US;US/Indiana-Starke;;Link;-06:00;-05:00;CST;CDT;backward
US;US/Michigan;;Link;-05:00;-04:00;EST;EDT;backward
US;US/Mountain;;Link;-07:00;-06:00;MST;MDT;backward
US;US/Pacific;;Link;-08:00;-07:00;PST;PDT;backward
AS;US/Samoa;;Link;-11:00;-11:00;SST;;backward
;UTC;;Link;+00:00;+00:00;UTC;;backward
RU;W-SU;;Link;+03:00;+03:00;MSK;;backward
;WET;;Canonical;+00:00;+01:00;WET;WEST;europe
;Zulu;;Link;+00:00;+00:00;UTC;;backward
